-- Adminer 4.0.3 MySQL dump

SET NAMES utf8;
SET foreign_key_checks = 0;
SET time_zone = '+00:00';
SET sql_mode = 'NO_AUTO_VALUE_ON_ZERO';

CREATE TABLE `friendship` (
  `id` int(11) NOT NULL AUTO_INCREMENT,
  `userIdFrom` int(11) NOT NULL,
  `userIdTo` int(11) NOT NULL,
  `status` int(11) NOT NULL DEFAULT '0',
  `created` datetime NOT NULL,
  `updated` datetime NOT NULL,
  PRIMARY KEY (`id`),
  KEY `IDX_7234A45FA5B1ED1C` (`userIdFrom`),
  KEY `IDX_7234A45F2D2137BF` (`userIdTo`),
  CONSTRAINT `FK_7234A45F2D2137BF` FOREIGN KEY (`userIdTo`) REFERENCES `user` (`id`) ON DELETE CASCADE,
  CONSTRAINT `FK_7234A45FA5B1ED1C` FOREIGN KEY (`userIdFrom`) REFERENCES `user` (`id`) ON DELETE CASCADE
) ENGINE=InnoDB DEFAULT CHARSET=utf8 COLLATE=utf8_unicode_ci;

INSERT INTO `friendship` (`id`, `userIdFrom`, `userIdTo`, `status`, `created`, `updated`) VALUES
(1,	3,	1,	1,	'2014-09-03 09:11:30',	'2014-09-03 09:32:43'),
(2,	3,	2,	1,	'2014-09-03 09:15:48',	'2014-09-16 07:43:33'),
(4,	14,	4,	1,	'2014-09-10 12:02:47',	'2014-09-10 12:09:11'),
(5,	2,	1,	0,	'2014-09-11 12:07:34',	'2014-09-11 12:07:34'),
(6,	19,	4,	2,	'2014-09-15 14:56:59',	'2014-10-13 10:24:07'),
(7,	4,	20,	2,	'2014-09-15 15:17:11',	'2014-09-15 15:18:08'),
(8,	14,	21,	1,	'2014-09-16 17:59:28',	'2014-09-16 17:59:51'),
(9,	21,	4,	1,	'2014-09-16 18:00:09',	'2014-09-16 18:00:48'),
(10,	22,	18,	0,	'2014-09-17 10:57:31',	'2014-09-17 10:57:31'),
(11,	22,	4,	1,	'2014-09-17 10:59:27',	'2014-09-17 10:59:38'),
(12,	23,	22,	1,	'2014-09-17 14:34:08',	'2014-09-17 14:34:47'),
(13,	24,	23,	1,	'2014-09-17 16:35:45',	'2014-09-17 16:37:47'),
(14,	25,	22,	1,	'2014-09-17 21:53:55',	'2014-09-18 06:58:09'),
(15,	22,	26,	1,	'2014-09-18 13:37:42',	'2014-10-29 16:39:48'),
(16,	22,	22,	2,	'2014-10-29 12:51:13',	'2014-10-29 12:51:25'),
(17,	23,	14,	1,	'2014-10-29 18:30:01',	'2014-11-17 17:34:35'),
(18,	4,	4,	2,	'2014-10-30 12:13:41',	'2014-12-13 21:08:42'),
(19,	23,	26,	1,	'2014-10-30 19:13:18',	'2014-10-30 20:31:00'),
(20,	2,	2,	0,	'2014-11-25 12:47:19',	'2014-11-25 12:47:19'),
(21,	4,	1,	0,	'2014-11-25 12:48:59',	'2014-11-25 12:48:59'),
(22,	4,	3,	1,	'0000-00-00 00:00:00',	'0000-00-00 00:00:00');

CREATE TABLE `image` (
  `id` int(11) NOT NULL AUTO_INCREMENT,
  `title` varchar(255) COLLATE utf8_unicode_ci NOT NULL,
  `caption` varchar(255) COLLATE utf8_unicode_ci DEFAULT NULL,
  `imageFile` varchar(255) COLLATE utf8_unicode_ci DEFAULT NULL,
  `imageFilePath` varchar(255) COLLATE utf8_unicode_ci DEFAULT NULL,
  `userId` int(11) NOT NULL,
  `kooshId` int(11) NOT NULL,
  `nudged` smallint(6) NOT NULL DEFAULT '0',
  `status` int(11) NOT NULL DEFAULT '0',
  `created` datetime NOT NULL,
  `updated` datetime NOT NULL,
  PRIMARY KEY (`id`),
  KEY `IDX_C53D045F64B64DCC` (`userId`),
  KEY `IDX_C53D045FA2375E95` (`kooshId`),
  CONSTRAINT `FK_C53D045F64B64DCC` FOREIGN KEY (`userId`) REFERENCES `user` (`id`) ON DELETE CASCADE,
  CONSTRAINT `FK_C53D045FA2375E95` FOREIGN KEY (`kooshId`) REFERENCES `koosh` (`id`) ON DELETE CASCADE
) ENGINE=InnoDB DEFAULT CHARSET=utf8 COLLATE=utf8_unicode_ci;

INSERT INTO `image` (`id`, `title`, `caption`, `imageFile`, `imageFilePath`, `userId`, `kooshId`, `nudged`, `status`, `created`, `updated`) VALUES
(2,	'eda33 - image',	NULL,	'/tmp/phpXauKeP',	'4f85b3d8c280fc1a2c430d323caaf55ca31a94f0.jpeg',	1,	19,	0,	1,	'2014-09-15 12:53:16',	'2014-09-15 13:06:13'),
(17,	'dfsdf',	'caption example',	NULL,	'28eecac502eecb97e775c73879fa83bf5f3113a9.jpeg',	2,	25,	0,	0,	'2014-09-17 11:22:58',	'2014-12-08 09:52:33'),
(18,	'test',	'test test test',	NULL,	'317e732d31429a750c1adac92e51ba51a6e1c7f5.jpeg',	7,	25,	0,	0,	'2014-09-17 11:23:41',	'2014-12-08 09:52:35'),
(19,	'xxx',	'xxxxx',	NULL,	'12debb4131ec5f3aace1ccf328aa6f3d2cb06811.jpeg',	10,	25,	0,	0,	'2014-09-17 11:24:05',	'2014-12-08 09:52:38'),
(20,	'Image - Slidehshow - 1',	'Image - Slidehshow - 1',	NULL,	'ac769083ad09044c552008f42a8bafb0ef142768.jpeg',	2,	48,	0,	0,	'2014-09-18 13:33:10',	'2014-10-31 12:43:54'),
(21,	'dennysimon - image',	'this is a dog',	NULL,	'1c30b2f59b7da1ef060491f74ff23801ff388ca8.jpeg',	4,	49,	0,	1,	'2014-09-18 13:33:30',	'2014-09-18 13:38:26'),
(22,	'dennysimon - image',	'',	NULL,	'69d2b9499322db912d5c82ba810977a8b37dc2cd.jpeg',	19,	49,	0,	1,	'2014-09-18 13:33:30',	'2014-09-18 13:38:29'),
(23,	'Image - Slideshow - 2',	'Image - Slideshow - 2',	NULL,	'496eb45df9d32cb1f464452d759624b66aa1568e.jpeg',	3,	48,	0,	0,	'2014-09-18 13:33:39',	'2014-10-31 12:43:58'),
(24,	'Image - Slideshow - 3',	'Image - Slideshow - 3',	NULL,	'b274673976537b28fc08077f66abbd01c0740c64.jpeg',	7,	48,	0,	0,	'2014-09-18 13:34:22',	'2014-10-31 12:44:01'),
(25,	'Image - Slideshow - 4',	'Image - Slideshow - 4',	NULL,	'cbb9647feb55754eec8f41d1e6bcb4ba22a9daeb.jpeg',	9,	48,	0,	0,	'2014-09-18 13:36:02',	'2014-10-31 12:44:05'),
(26,	'ben - image',	'',	NULL,	'dfeafd2b629c285d939b90635c969d739147e022.jpeg',	22,	56,	0,	1,	'2014-10-13 18:41:55',	'2014-10-29 10:22:38'),
(27,	'ben - image',	'',	NULL,	'92a0ba03c047a266802432e3bc22f2b26029858e.jpeg',	23,	56,	0,	1,	'2014-10-13 18:41:56',	'2014-10-29 10:22:40'),
(29,	'hawaj - image',	NULL,	NULL,	NULL,	2,	69,	0,	0,	'2014-10-27 13:25:11',	'2014-10-27 13:25:11'),
(30,	'hawaj - image',	NULL,	NULL,	NULL,	1,	69,	0,	0,	'2014-10-27 13:25:11',	'2014-10-27 13:25:11'),
(31,	'hawaj - image',	NULL,	NULL,	NULL,	2,	86,	0,	0,	'2014-11-04 07:51:59',	'2014-11-04 07:51:59'),
(32,	'hawaj - image',	NULL,	NULL,	NULL,	1,	86,	0,	0,	'2014-11-04 07:52:00',	'2014-11-04 07:52:00'),
(33,	'ben - image',	'',	NULL,	'f792a60de8345a4ea53c223e5d0e6687f50edb34.jpeg',	22,	88,	0,	1,	'2014-11-04 15:35:22',	'2014-11-25 13:21:10'),
(34,	'ben - image',	'',	NULL,	'feccb6cf2d5668c46220bfbb109e615f336f8558.jpeg',	23,	88,	0,	1,	'2014-11-04 15:35:23',	'2014-11-25 13:21:12'),
(38,	'John Edwards - image',	'',	NULL,	'58d32ae4c0aef680463fb9c16dcb1e129bd0699d.jpeg',	14,	96,	0,	1,	'2014-11-20 19:24:30',	'2014-12-16 11:15:06'),
(52,	'John Edwards - image',	'',	NULL,	'e7999382ce339674750826ab42bdf4502646750b.jpeg',	4,	112,	1,	1,	'2014-12-11 09:51:27',	'2014-12-11 09:54:53'),
(57,	'John Edwards - image',	NULL,	'/tmp/php9Jlvx3',	'f3760cfe044ecda050abaa440e06cefbeb7c143d.jpeg',	14,	133,	0,	1,	'2014-12-17 15:21:10',	'2014-12-18 08:58:55'),
(58,	'John Edwards - image',	NULL,	'/tmp/phppuAxco',	'9ba470cbc9d8ec307cf06596a33519c69bc4f6c8.jpeg',	14,	134,	0,	1,	'2014-12-17 15:21:28',	'2014-12-18 09:02:06'),
(61,	'John Edwards - image',	NULL,	NULL,	NULL,	14,	140,	0,	0,	'2014-12-19 11:56:25',	'2014-12-19 11:56:25'),
(62,	'mm - image',	NULL,	NULL,	NULL,	35,	141,	1,	0,	'2014-12-19 12:51:12',	'2014-12-19 12:52:28');

CREATE TABLE `koosh` (
  `id` int(11) NOT NULL AUTO_INCREMENT,
  `title` varchar(255) COLLATE utf8_unicode_ci NOT NULL,
  `notificationMessage` varchar(255) COLLATE utf8_unicode_ci DEFAULT NULL,
  `genre` varchar(255) COLLATE utf8_unicode_ci NOT NULL,
  `image` varchar(255) COLLATE utf8_unicode_ci DEFAULT NULL,
  `imagePath` varchar(255) COLLATE utf8_unicode_ci DEFAULT NULL,
  `videoFile` varchar(255) COLLATE utf8_unicode_ci DEFAULT NULL,
  `videoFilePath` varchar(255) COLLATE utf8_unicode_ci DEFAULT NULL,
  `userId` int(11) NOT NULL,
  `status` int(11) NOT NULL,
  `created` datetime NOT NULL,
  `updated` datetime NOT NULL,
  `type` varchar(255) COLLATE utf8_unicode_ci NOT NULL,
  `length` varchar(255) COLLATE utf8_unicode_ci DEFAULT NULL,
  `errorMessage` longtext COLLATE utf8_unicode_ci,
  `publicStatus` varchar(255) COLLATE utf8_unicode_ci NOT NULL,
  PRIMARY KEY (`id`),
  KEY `IDX_4F75195664B64DCC` (`userId`),
  CONSTRAINT `FK_4F75195664B64DCC` FOREIGN KEY (`userId`) REFERENCES `user` (`id`)
) ENGINE=InnoDB DEFAULT CHARSET=utf8 COLLATE=utf8_unicode_ci;

INSERT INTO `koosh` (`id`, `title`, `notificationMessage`, `genre`, `image`, `imagePath`, `videoFile`, `videoFilePath`, `userId`, `status`, `created`, `updated`, `type`, `length`, `errorMessage`, `publicStatus`) VALUES
(1,	'CrazySet',	NULL,	'crazy',	NULL,	NULL,	NULL,	'eff25d4825c20f7fbd8fbeb33b9ab539d2456ff3.mp4',	1,	3,	'2014-09-02 07:27:56',	'2014-09-03 07:26:05',	'koosh_video',	NULL,	NULL,	'public'),
(2,	'BoringSet',	NULL,	'other',	NULL,	'0cf4ffe5be3b1e072ca591585ec9b1799f87ba57.jpg',	NULL,	'1626b43db984d511e35692bbd7e7118245bcd828.mp4',	2,	3,	'2014-09-02 07:29:22',	'2014-10-31 12:06:50',	'koosh_video',	NULL,	NULL,	'public'),
(17,	'API Koosh',	'Some weird notification message.',	'test',	NULL,	NULL,	NULL,	NULL,	3,	0,	'2014-09-15 12:52:19',	'2014-09-15 12:52:19',	'koosh_kapture',	NULL,	NULL,	'public'),
(18,	'API Koosh',	'Some weird notification message.',	'test',	NULL,	NULL,	NULL,	NULL,	3,	3,	'2014-09-15 12:52:55',	'2014-09-16 11:07:50',	'koosh_video',	NULL,	NULL,	'public'),
(19,	'API Koosh',	'Some weird notification message.',	'test',	NULL,	NULL,	NULL,	NULL,	3,	1,	'2014-09-15 12:53:16',	'2014-09-15 13:06:13',	'koosh_kapture',	NULL,	NULL,	'public'),
(23,	'another test',	'',	'Entertainment',	NULL,	NULL,	NULL,	NULL,	4,	0,	'2014-09-16 13:58:19',	'2014-09-16 13:58:19',	'koosh_video',	'40',	NULL,	'public'),
(24,	'koosh video',	'',	'Entertainment',	NULL,	'863a3c3a8ff9ed1ddc834e0aab73b3d15b6f18c6.jpg',	NULL,	'ec342ba7a6a646b01771d6b5d1fc497531a08072.mp4',	21,	3,	'2014-09-16 18:02:06',	'2014-10-31 12:48:25',	'koosh_video',	'60',	NULL,	'public'),
(25,	'capture',	'',	'Misc',	NULL,	'48ea0f94de73df382513a0b263cee26b060a3ddc.jpg',	NULL,	'677a538ddcc6f64cabc97a84005a851c0da52373.mp4',	21,	3,	'2014-09-16 18:03:20',	'2014-12-08 09:52:40',	'koosh_kapture',	'60',	NULL,	'public'),
(30,	'test',	'invited testing',	'Misc',	NULL,	'7f7a40f3a75884fe82c1d65434d061d7d2341386.jpg',	NULL,	'9421c3fa9e5c5ab45c4f42034bb96e8d07681fd9.mp4',	22,	3,	'2014-09-17 11:00:52',	'2014-10-03 13:21:05',	'koosh_video',	'240',	NULL,	'public'),
(38,	'test',	'join me',	'Misc',	NULL,	NULL,	NULL,	NULL,	26,	1,	'2014-09-18 01:37:04',	'2014-09-18 01:37:30',	'koosh_video',	'120',	NULL,	'public'),
(47,	'new',	'',	'Entertainment',	NULL,	'c5402fb7d160e319f4a3b50e2c1c81b3dfa2fdd5.jpg',	NULL,	'4492ebe612a532e9628054b7e8d8ce7085402a16.mp4',	22,	3,	'2014-09-18 11:51:07',	'2014-10-31 12:23:40',	'koosh_video',	'60',	NULL,	'public'),
(48,	'SLIDESHOW',	NULL,	'kapture',	NULL,	'65de733c9fad7bb41f305ac61fc4f894bb17e7c3.jpg',	NULL,	'f60d8616c917acf058377f8f83885a2e513b1a13.mp4',	10,	3,	'2014-09-18 13:32:17',	'2014-10-31 12:44:07',	'koosh_kapture',	NULL,	NULL,	'public'),
(49,	'test kapture',	'',	'Entertainment',	NULL,	'be611a27eac8ef3cbc2df14ab04c7417d5863c6a.jpg',	NULL,	'4a4c255cfb5a38fdd322b7b45f8badc5dace9346.mp4',	4,	3,	'2014-09-18 13:33:30',	'2014-09-18 13:38:33',	'koosh_kapture',	'60',	NULL,	'public'),
(50,	'oi',	'oi',	'Misc',	NULL,	NULL,	NULL,	NULL,	24,	1,	'2014-09-19 20:38:58',	'2014-10-04 17:17:13',	'koosh_video',	'120',	NULL,	'public'),
(54,	'hi private',	'',	'Comedy',	NULL,	'659e1181ea5746a0150cb3a3ca7da7d460c02d80.jpg',	NULL,	'4c03476110da065f4acfe0e56c0a47514b267242.mp4',	4,	3,	'2014-10-13 10:46:00',	'2014-12-11 15:30:55',	'koosh_video',	'60',	NULL,	'Private'),
(55,	'test private',	'',	'Misc',	NULL,	'9ca0825ca9ac0b2ace0ad6f9599a41c226315212.jpg',	NULL,	'68e3ab6571f32c88df10f69cd162a72d7bf9b1ff.mp4',	4,	3,	'2014-10-13 13:50:50',	'2014-10-13 14:48:36',	'koosh_video',	'120',	NULL,	'Private'),
(56,	'test kapture',	'test notification message ',	'Comedy',	NULL,	'993cbbfb32a6dcc11593b72f1988baf3814de103.jpg',	NULL,	'd8db6474b21d11be317b22b4f73fdd60d164cf7b.mp4',	22,	3,	'2014-10-13 18:41:53',	'2014-10-29 10:22:43',	'koosh_kapture',	'60',	'The command \"/opt/FFmpeg/ffmpeg -loop 1 -i /home/kooshapico/public_html/src/KAPI/KooshApiBundle/Entity/../../../../web/uploads/koosh/919adef9850b47e92258870468c8b08ea6479147001.png -c:v libx264 -t 10 -pix_fmt yuv420p /home/kooshapico/public_html/src/KAPI/KooshApiBundle/Entity/../../../../web/uploads/koosh/919adef9850b47e92258870468c8b08ea6479147001.png_single.mp4\" failed.\nExit Code: 1(General error)\n\nOutput:\n================\n\n\nError Output:\n================\nffmpeg version n2.3.3 Copyright (c) 2000-2014 the FFmpeg developers\n  built on Sep  2 2014 15:33:38 with gcc 4.4.7 (GCC) 20120313 (Red Hat 4.4.7-4)\n  configuration: --prefix=/root/ffmpeg_build --extra-cflags=-I/root/ffmpeg_build/include --extra-ldflags=-L/root/ffmpeg_build/lib --bindir=/root/bin --extra-libs=-ldl --enable-version3 --enable-libopencore-amrnb --enable-libopencore-amrwb --enable-libvpx --enable-libfaac --enable-libmp3lame --enable-libtheora --enable-libvorbis --enable-libx264 --enable-libvo-aacenc --enable-libxvid --disable-ffplay --enable-gpl --enable-postproc --enable-nonfree --enable-avfilter --enable-pthreads --enable-libfreetype --enable-libfontconfig --enable-libfribidi\n  libavutil      52. 92.100 / 52. 92.100\n  libavcodec     55. 69.100 / 55. 69.100\n  libavformat    55. 48.100 / 55. 48.100\n  libavdevice    55. 13.102 / 55. 13.102\n  libavfilter     4. 11.100 /  4. 11.100\n  libswscale      2.  6.100 /  2.  6.100\n  libswresample   0. 19.100 /  0. 19.100\n  libpostproc    52.  3.100 / 52.  3.100\nInput #0, image2, from \'/home/kooshapico/public_html/src/KAPI/KooshApiBundle/Entity/../../../../web/uploads/koosh/919adef9850b47e92258870468c8b08ea6479147001.png\':\n  Duration: 00:00:00.04, start: 0.000000, bitrate: N/A\n    Stream #0:0: Video: png, rgb24, 359x480 [SAR 72:72 DAR 359:480], 25 fps, 25 tbr, 25 tbn, 25 tbc\n[libx264 @ 0x3433c20] width not divisible by 2 (359x480)\nOutput #0, mp4, to \'/home/kooshapico/public_html/src/KAPI/KooshApiBundle/Entity/../../../../web/uploads/koosh/919adef9850b47e92258870468c8b08ea6479147001.png_single.mp4\':\n    Stream #0:0: Video: h264, q=2-31, 128 kb/s, SAR 1:1 DAR 0:0, 25 fps\n    Metadata:\n      encoder         : Lavc55.69.100 libx264\nStream mapping:\n  Stream #0:0 -> #0:0 (png (native) -> h264 (libx264))\nError while opening encoder for output stream #0:0 - maybe incorrect parameters such as bit_rate, rate, width or height\n',	'Public'),
(68,	'hi there',	'',	'Misc',	NULL,	'1ef7dcce5a32001c28cefe1ffafad1b1723aea65.jpg',	NULL,	'5b386f923c1a2a7c163c4e7cf7ea610b5da55ad4.mp4',	4,	3,	'2014-10-27 13:00:10',	'2014-10-29 10:52:18',	'koosh_video',	'120',	NULL,	'Public'),
(69,	'API Koosh',	'Some weird notification message.',	'test123456789',	NULL,	NULL,	NULL,	NULL,	3,	3,	'2014-10-27 13:25:10',	'2014-10-27 13:25:10',	'koosh_kapture',	NULL,	NULL,	'private'),
(73,	'hello',	'hello there. hope you are well',	'Misc',	NULL,	NULL,	NULL,	NULL,	4,	0,	'2014-10-27 15:18:31',	'2014-10-27 15:18:31',	'koosh_video',	'120',	NULL,	'Private'),
(74,	'test none',	'',	'Misc',	NULL,	NULL,	NULL,	NULL,	4,	1,	'2014-10-27 15:23:38',	'2014-12-14 12:14:05',	'koosh_video',	'120',	NULL,	'Private'),
(75,	'test',	'test',	'Misc',	NULL,	NULL,	NULL,	NULL,	4,	0,	'2014-10-28 10:55:03',	'2014-10-28 10:55:03',	'koosh_video',	'60',	NULL,	'Private'),
(78,	'test push 2',	'',	'Misc',	NULL,	NULL,	NULL,	NULL,	14,	0,	'2014-10-28 11:55:35',	'2014-10-28 11:55:35',	'koosh_video',	'60',	NULL,	'Private'),
(79,	'hello',	'',	'Misc',	NULL,	'03371cb9c926154feee6963644ba3ef6834ded72.jpg',	NULL,	'eddd026e54c873178342f9141faf9b26fd8a9c5a.mp4',	14,	3,	'2014-10-28 11:58:25',	'2014-11-20 15:35:03',	'koosh_video',	'120',	NULL,	'Private'),
(80,	'hello progress',	'test message ',	'Misc',	NULL,	'11383bd7d3decdd9b0ad5c64672405a005d8cfd4.jpg',	NULL,	'caee721b4ca1c0dc8db9c72e47c62076b34b24f1.mp4',	4,	3,	'2014-10-29 11:13:32',	'2014-10-29 11:37:02',	'koosh_video',	'120',	NULL,	'Private'),
(81,	'new test October',	'this is the notification text here',	'Misc',	NULL,	'3bc10a33b5baf6eaa383e116cf51c8c6075f86d6.jpg',	NULL,	'9dec689efb6a362730a885577a73d3d74f405544.mp4',	22,	3,	'2014-10-29 13:26:53',	'2014-10-29 16:24:31',	'koosh_video',	'120',	NULL,	'Public'),
(86,	'API KooshTESTHAWAJ',	'Some weird notification message.',	'test123456789',	NULL,	NULL,	NULL,	NULL,	3,	0,	'2014-11-04 07:51:59',	'2014-11-04 07:51:59',	'koosh_kapture',	NULL,	NULL,	'private'),
(87,	'API KooshTESTHAWAJ',	'Some weird notification message.',	'test123456789',	NULL,	NULL,	NULL,	NULL,	3,	3,	'2014-11-04 07:54:08',	'2014-11-04 07:54:08',	'koosh_kapture',	NULL,	NULL,	'private'),
(88,	'Koosh Image',	'New front screen????',	'Comedy',	NULL,	'67fea54496ee5181525aaf658d56b524348c680e.jpg',	NULL,	'fbef20ffc0cd950aa1637b4f501243c9ee046810.mp4',	22,	3,	'2014-11-04 15:35:20',	'2014-11-25 13:21:14',	'koosh_kapture',	'60',	NULL,	'Public'),
(94,	'Our pets',	'',	'Entertainment',	NULL,	'5a9e50348f6523d212f5666e47f86ca1cd50fc4d.jpg',	NULL,	'12c87aa57f44da9e284d50ac6ce7e9d40c7f807d.mp4',	4,	3,	'2014-11-17 17:27:52',	'2014-11-18 19:09:04',	'koosh_video',	'40',	NULL,	'Public'),
(95,	'test',	'message',	'Misc',	NULL,	'8427ddc7ef236d8711d79415571b5a4f98d4c8c2.jpg',	NULL,	'02462d92eea806a5f487b0cb6c28ec0ad4432e17.mp4',	14,	3,	'2014-11-20 15:26:02',	'2014-11-20 15:30:38',	'koosh_video',	'60',	NULL,	'Public'),
(96,	'asdf',	'',	'Entertainment',	NULL,	'2df2f3669c05723a6278a97bf671e62f496b738f.jpg',	NULL,	'954fdfb0d859a1e6908f145899f8d5609a0db39f.mp4',	14,	3,	'2014-11-20 19:24:29',	'2014-12-16 11:15:07',	'koosh_kapture',	'120',	NULL,	'Public'),
(102,	'without note',	'',	'Misc',	NULL,	NULL,	NULL,	NULL,	14,	0,	'2014-12-03 17:45:33',	'2014-12-03 17:45:33',	'koosh_kapture',	'120',	NULL,	'Public'),
(103,	'test priv',	'',	'Misc',	NULL,	'd845443ea66ccecdbf875cc13d084087c67cbc29.jpg',	NULL,	'84b5e115d47801f0a287e27c8a9b3a7608c12e53.mp4',	28,	3,	'2014-12-04 09:23:44',	'2014-12-04 09:24:23',	'koosh_video',	'120',	NULL,	'Private'),
(112,	'test',	'test',	'Misc',	NULL,	'58f40eb4697035b891422812b737806507976e68.jpg',	NULL,	'a50ec7f1fad5170537c0bbe7d5ae6417484a85ce.mp4',	14,	3,	'2014-12-11 09:51:25',	'2014-12-11 09:54:55',	'koosh_kapture',	'60',	NULL,	'Public'),
(115,	'Test MM',	'Notify',	'misc',	NULL,	NULL,	NULL,	NULL,	4,	0,	'2014-12-15 12:50:39',	'2014-12-15 12:50:39',	'koosh_video',	'120',	NULL,	'public'),
(116,	'fghgfhfghfghgf',	'fghfghgfhgfhgfhgfhgfhgf',	'misc',	NULL,	NULL,	NULL,	NULL,	31,	0,	'2014-12-15 14:36:48',	'2014-12-15 14:36:48',	'koosh_video',	'120',	NULL,	'public'),
(117,	'Test #2',	'Hi',	'commedy',	NULL,	NULL,	NULL,	NULL,	31,	0,	'2014-12-15 20:59:18',	'2014-12-15 20:59:18',	'koosh_video',	'240',	NULL,	'public'),
(118,	'Test#3',	'Hi',	'misc',	NULL,	NULL,	NULL,	NULL,	31,	0,	'2014-12-15 21:04:49',	'2014-12-15 21:04:49',	'koosh_video',	'120',	NULL,	'public'),
(119,	'test #3',	'Hi',	'misc',	NULL,	NULL,	NULL,	NULL,	31,	0,	'2014-12-15 21:05:37',	'2014-12-15 21:05:37',	'koosh_video',	'120',	NULL,	'public'),
(120,	'test 4444',	'test',	'misc',	NULL,	NULL,	NULL,	NULL,	32,	1,	'2014-12-15 22:06:03',	'2014-12-15 22:43:01',	'koosh_video',	'120',	NULL,	'public'),
(123,	'Test',	'testik',	'misc',	NULL,	NULL,	NULL,	NULL,	32,	0,	'2014-12-16 03:09:36',	'2014-12-16 03:09:36',	'koosh_video',	'120',	NULL,	'public'),
(124,	'Video test',	'Ahoj',	'misc',	NULL,	NULL,	NULL,	NULL,	31,	0,	'2014-12-16 08:06:42',	'2014-12-16 08:06:42',	'koosh_video',	'120',	NULL,	'public'),
(125,	'AAAAAA',	'AAAA',	'misc',	NULL,	NULL,	NULL,	NULL,	31,	0,	'2014-12-16 08:09:13',	'2014-12-16 08:09:13',	'koosh_video',	'120',	NULL,	'public'),
(126,	'Koosh 33',	'Msg',	'misc',	NULL,	NULL,	NULL,	NULL,	32,	0,	'2014-12-16 08:16:40',	'2014-12-16 08:16:40',	'koosh_video',	'120',	NULL,	'public'),
(127,	'test',	'test',	'misc',	NULL,	'6bbbece8f27924ccb2dd96a74b18fcf8add21fc5.jpg',	NULL,	'5fb1a5126ec5ac00f3c755c7a1d886da99fe31a1.mp4',	14,	3,	'2014-12-16 09:16:17',	'2014-12-16 11:10:02',	'koosh_video',	'120',	NULL,	'private'),
(128,	'AAAAA',	'AAAAA',	'misc',	NULL,	NULL,	NULL,	NULL,	32,	0,	'2014-12-16 10:07:07',	'2014-12-16 10:07:07',	'koosh_video',	'120',	NULL,	'public'),
(130,	'test 667',	'trst hhcv',	'misc',	NULL,	NULL,	NULL,	NULL,	32,	0,	'2014-12-16 14:12:35',	'2014-12-16 14:12:35',	'koosh_video',	'120',	NULL,	'public'),
(132,	'and vid',	'tes',	'misc',	NULL,	NULL,	NULL,	NULL,	14,	1,	'2014-12-17 15:19:56',	'2014-12-17 15:22:12',	'koosh_video',	'120',	NULL,	'private'),
(133,	'test and im',	'test',	'misc',	NULL,	NULL,	NULL,	NULL,	14,	1,	'2014-12-17 15:21:08',	'2014-12-18 08:58:55',	'koosh_kapture',	'120',	NULL,	'private'),
(134,	'hi',	'',	'Misc',	NULL,	NULL,	NULL,	NULL,	14,	1,	'2014-12-17 15:21:26',	'2014-12-18 09:02:06',	'koosh_kapture',	'120',	NULL,	'Private'),
(136,	'muj',	'aaaaa',	'misc',	NULL,	NULL,	NULL,	NULL,	35,	1,	'2014-12-17 21:56:08',	'2014-12-17 21:58:21',	'koosh_video',	'120',	NULL,	'public'),
(137,	'fdfhbvb',	'hello',	'misc',	NULL,	NULL,	NULL,	NULL,	35,	0,	'2014-12-17 22:04:03',	'2014-12-17 22:04:03',	'koosh_video',	'120',	NULL,	'public'),
(139,	'ddffgg',	'ggxcg',	'Misc',	NULL,	NULL,	NULL,	NULL,	14,	0,	'2014-12-18 11:24:12',	'2014-12-18 11:24:12',	'koosh_video',	'120',	NULL,	'Public'),
(140,	'AAA',	'sdfsdf',	'misc',	NULL,	NULL,	NULL,	NULL,	14,	0,	'2014-12-19 11:56:24',	'2014-12-19 11:56:24',	'koosh_kapture',	'0',	NULL,	'public'),
(141,	'Test',	'gghh',	'misc',	NULL,	NULL,	NULL,	NULL,	35,	0,	'2014-12-19 12:51:11',	'2014-12-19 12:51:11',	'koosh_kapture',	'0',	NULL,	'public');

CREATE TABLE `kooshComment` (
  `id` int(11) NOT NULL AUTO_INCREMENT,
  `kooshId` int(11) NOT NULL,
  `userId` int(11) NOT NULL,
  `text` varchar(255) COLLATE utf8_unicode_ci NOT NULL,
  `created` datetime NOT NULL,
  `updated` datetime NOT NULL,
  PRIMARY KEY (`id`),
  KEY `IDX_CD50C3FA64B64DCC` (`userId`),
  KEY `IDX_CD50C3FAA2375E95` (`kooshId`),
  CONSTRAINT `FK_CD50C3FA64B64DCC` FOREIGN KEY (`userId`) REFERENCES `user` (`id`) ON DELETE CASCADE,
  CONSTRAINT `FK_CD50C3FAA2375E95` FOREIGN KEY (`kooshId`) REFERENCES `koosh` (`id`) ON DELETE CASCADE
) ENGINE=InnoDB DEFAULT CHARSET=utf8 COLLATE=utf8_unicode_ci;

INSERT INTO `kooshComment` (`id`, `kooshId`, `userId`, `text`, `created`, `updated`) VALUES
(1,	1,	1,	'The most amazing  koosh Ive ever seen.',	'2014-09-02 07:37:33',	'2014-09-02 07:37:33'),
(2,	1,	2,	'Oh God. What the hell is that?',	'2014-09-02 07:38:12',	'2014-09-02 07:38:12'),
(3,	25,	13,	'Some really weird comment',	'2014-09-17 12:23:53',	'2014-09-17 12:23:53'),
(4,	24,	4,	'testibg adding comment',	'2014-09-17 12:24:30',	'2014-09-17 12:24:30'),
(5,	24,	4,	'another test comment. ',	'2014-09-17 12:24:57',	'2014-09-17 12:24:57'),
(6,	30,	22,	'this is amazing',	'2014-09-17 12:50:02',	'2014-09-17 12:50:02'),
(7,	25,	13,	'Some really weird comment',	'2014-09-17 13:46:58',	'2014-09-17 13:46:58'),
(9,	25,	25,	'noce',	'2014-09-17 21:52:57',	'2014-09-17 21:52:57'),
(11,	49,	4,	'nice pictures',	'2014-09-18 13:39:19',	'2014-09-18 13:39:19'),
(12,	49,	22,	'thsnshdhshshs',	'2014-09-22 16:44:12',	'2014-09-22 16:44:12'),
(13,	49,	4,	'test',	'2014-10-13 11:46:45',	'2014-10-13 11:46:45'),
(14,	25,	4,	'lovely compilation',	'2014-10-13 12:44:21',	'2014-10-13 12:44:21'),
(15,	25,	4,	'test',	'2014-10-13 12:57:25',	'2014-10-13 12:57:25'),
(16,	25,	4,	'test',	'2014-10-13 12:58:03',	'2014-10-13 12:58:03'),
(17,	25,	4,	'test',	'2014-10-13 12:58:13',	'2014-10-13 12:58:13'),
(19,	49,	4,	'hello there',	'2014-10-27 15:24:42',	'2014-10-27 15:24:42'),
(20,	49,	4,	'This is a test\nTest',	'2014-10-27 16:04:02',	'2014-10-27 16:04:02'),
(21,	81,	22,	'This was easy',	'2014-10-29 16:25:53',	'2014-10-29 16:25:53'),
(22,	30,	26,	'Brill',	'2014-10-29 16:43:07',	'2014-10-29 16:43:07'),
(23,	47,	23,	'Cool dude',	'2014-10-29 16:43:47',	'2014-10-29 16:43:47'),
(25,	25,	17,	'test',	'2014-10-31 10:52:39',	'2014-10-31 10:52:39'),
(26,	49,	23,	'Loads better ...',	'2014-10-31 20:56:01',	'2014-10-31 20:56:01'),
(28,	88,	22,	'Not sure why the code is appearing over the images!',	'2014-11-04 15:40:41',	'2014-11-04 15:40:41'),
(30,	49,	23,	'Test',	'2014-11-13 01:28:28',	'2014-11-13 01:28:28'),
(31,	47,	23,	'Test',	'2014-11-13 12:52:16',	'2014-11-13 12:52:16'),
(32,	49,	14,	'Awesome Koosh! Lovely collaboration. ',	'2014-11-17 17:16:59',	'2014-11-17 17:16:59'),
(33,	49,	4,	'Hope you like it, thanks to all those who sent me images! ',	'2014-11-17 17:18:51',	'2014-11-17 17:18:51'),
(34,	94,	4,	'Thanks to all those who sent pictures, such a great compilation.',	'2014-11-18 19:13:14',	'2014-11-18 19:13:14'),
(35,	94,	14,	'What a great video!!',	'2014-11-18 19:16:08',	'2014-11-18 19:16:08'),
(36,	49,	14,	'Test Comment',	'2014-11-20 12:00:19',	'2014-11-20 12:00:19'),
(39,	48,	23,	'Test',	'2014-11-28 15:59:10',	'2014-11-28 15:59:10'),
(40,	95,	14,	'This is a comment\n',	'2014-12-03 13:55:27',	'2014-12-03 13:55:27'),
(41,	95,	14,	'This is another comment',	'2014-12-03 13:55:51',	'2014-12-03 13:55:51'),
(42,	95,	14,	'Hello testing\n',	'2014-12-03 17:39:57',	'2014-12-03 17:39:57'),
(43,	95,	14,	'Another test comment. ',	'2014-12-03 17:40:23',	'2014-12-03 17:40:23'),
(44,	49,	4,	'this is to test\na long comment\nthis is a good koosh\ni love the picture of the dog the best\ncan\'t wait to try this app out.\ngoing to be awesome!',	'2014-12-03 17:52:22',	'2014-12-03 17:52:22'),
(45,	79,	14,	'This is a test first comment\n',	'2014-12-03 18:20:31',	'2014-12-03 18:20:31'),
(48,	112,	4,	'test',	'2014-12-14 10:51:13',	'2014-12-14 10:51:13'),
(49,	112,	4,	'nice',	'2014-12-14 10:51:24',	'2014-12-14 10:51:24'),
(50,	94,	4,	'test',	'2014-12-14 12:14:50',	'2014-12-14 12:14:50'),
(51,	95,	4,	'Test',	'2014-12-14 12:20:56',	'2014-12-14 12:20:56'),
(52,	88,	31,	'test',	'2014-12-14 16:31:21',	'2014-12-14 16:31:21'),
(53,	2,	2,	'Test',	'2014-12-14 21:59:19',	'2014-12-14 21:59:19'),
(54,	49,	4,	'gfhgfhgfhfhfg',	'2014-12-15 08:40:21',	'2014-12-15 08:40:21'),
(55,	81,	32,	'test',	'2014-12-15 22:41:31',	'2014-12-15 22:41:31'),
(56,	112,	32,	'gdsfgdfsg',	'2014-12-16 12:48:45',	'2014-12-16 12:48:45'),
(57,	112,	32,	'AAAAA',	'2014-12-16 13:12:27',	'2014-12-16 13:12:27'),
(58,	79,	14,	'hello\n',	'2014-12-17 15:08:39',	'2014-12-17 15:08:39'),
(59,	95,	35,	'test\n',	'2014-12-17 22:02:56',	'2014-12-17 22:02:56'),
(60,	127,	14,	'test',	'2014-12-19 12:46:58',	'2014-12-19 12:46:58');

CREATE TABLE `kooshLike` (
  `id` int(11) NOT NULL AUTO_INCREMENT,
  `kooshId` int(11) NOT NULL,
  `userId` int(11) NOT NULL,
  `created` datetime NOT NULL,
  PRIMARY KEY (`id`),
  KEY `IDX_45EBF6BE64B64DCC` (`userId`),
  KEY `IDX_45EBF6BEA2375E95` (`kooshId`),
  CONSTRAINT `FK_45EBF6BE64B64DCC` FOREIGN KEY (`userId`) REFERENCES `user` (`id`) ON DELETE CASCADE,
  CONSTRAINT `FK_45EBF6BEA2375E95` FOREIGN KEY (`kooshId`) REFERENCES `koosh` (`id`) ON DELETE CASCADE
) ENGINE=InnoDB DEFAULT CHARSET=utf8 COLLATE=utf8_unicode_ci;

INSERT INTO `kooshLike` (`id`, `kooshId`, `userId`, `created`) VALUES
(1,	1,	2,	'2014-09-02 13:59:11'),
(2,	1,	3,	'2014-09-02 13:59:19'),
(3,	1,	4,	'2014-09-10 10:28:39'),
(4,	2,	4,	'2014-09-12 13:27:34'),
(6,	24,	22,	'2014-09-17 11:05:26'),
(7,	24,	4,	'2014-09-17 12:24:13'),
(10,	25,	25,	'2014-09-17 21:52:47'),
(12,	47,	23,	'2014-09-18 16:55:31'),
(13,	49,	23,	'2014-09-19 12:34:04'),
(14,	49,	24,	'2014-09-19 20:40:29'),
(15,	49,	4,	'2014-10-13 11:08:00'),
(16,	25,	4,	'2014-10-13 12:44:05'),
(17,	30,	4,	'2014-10-28 10:34:20'),
(19,	49,	14,	'2014-11-20 15:03:41'),
(22,	30,	22,	'2014-12-08 16:48:37'),
(23,	112,	14,	'2014-12-13 15:54:41'),
(24,	95,	14,	'2014-12-13 15:56:00'),
(25,	94,	14,	'2014-12-13 16:19:22'),
(26,	88,	31,	'2014-12-14 16:31:01'),
(27,	2,	2,	'2014-12-14 21:59:52'),
(28,	112,	31,	'2014-12-14 23:10:52'),
(29,	55,	4,	'2014-12-15 08:27:15'),
(30,	94,	4,	'2014-12-15 08:40:44'),
(31,	112,	32,	'2014-12-16 12:36:31'),
(32,	79,	14,	'2014-12-17 15:08:26');

CREATE TABLE `notification` (
  `id` int(11) NOT NULL AUTO_INCREMENT,
  `kooshId` int(11) DEFAULT NULL,
  `noteMessage` varchar(255) COLLATE utf8_unicode_ci DEFAULT NULL,
  `userIdFrom` int(11) NOT NULL,
  `userIdTo` int(11) NOT NULL,
  `requestId` int(11) DEFAULT NULL,
  `type` varchar(255) COLLATE utf8_unicode_ci NOT NULL,
  `created` datetime NOT NULL,
  `permanent` int(11) DEFAULT NULL,
  PRIMARY KEY (`id`),
  KEY `IDX_BF5476CAA2375E95` (`kooshId`),
  KEY `IDX_BF5476CAA5B1ED1C` (`userIdFrom`),
  KEY `IDX_BF5476CA2D2137BF` (`userIdTo`),
  CONSTRAINT `FK_BF5476CA2D2137BF` FOREIGN KEY (`userIdTo`) REFERENCES `user` (`id`) ON DELETE CASCADE,
  CONSTRAINT `FK_BF5476CAA2375E95` FOREIGN KEY (`kooshId`) REFERENCES `koosh` (`id`) ON DELETE CASCADE,
  CONSTRAINT `FK_BF5476CAA5B1ED1C` FOREIGN KEY (`userIdFrom`) REFERENCES `user` (`id`) ON DELETE CASCADE
) ENGINE=InnoDB DEFAULT CHARSET=utf8 COLLATE=utf8_unicode_ci;

INSERT INTO `notification` (`id`, `kooshId`, `noteMessage`, `userIdFrom`, `userIdTo`, `requestId`, `type`, `created`, `permanent`) VALUES
(3,	NULL,	NULL,	3,	1,	1,	'koosh_friend',	'2014-09-03 09:11:30',	NULL),
(11,	1,	'fsadfasffsad',	1,	2,	NULL,	'koosh_view',	'0000-00-00 00:00:00',	NULL),
(12,	NULL,	NULL,	2,	1,	5,	'koosh_friend',	'2014-09-11 12:07:34',	NULL),
(30,	18,	NULL,	3,	2,	NULL,	'koosh_invite',	'2014-09-15 12:52:56',	NULL),
(34,	NULL,	NULL,	4,	20,	7,	'koosh_friend',	'2014-09-15 15:17:11',	NULL),
(43,	23,	NULL,	4,	13,	NULL,	'koosh_invite',	'2014-09-16 13:58:20',	NULL),
(45,	23,	NULL,	4,	19,	NULL,	'koosh_invite',	'2014-09-16 13:58:20',	NULL),
(61,	NULL,	NULL,	22,	18,	10,	'koosh_friend',	'2014-09-17 10:57:31',	NULL),
(108,	49,	NULL,	4,	4,	NULL,	'koosh_like',	'2014-10-13 11:08:00',	1),
(109,	49,	NULL,	4,	4,	NULL,	'koosh_comment',	'2014-10-13 11:46:45',	1),
(110,	25,	NULL,	4,	21,	NULL,	'koosh_like',	'2014-10-13 12:44:05',	1),
(111,	25,	NULL,	4,	21,	NULL,	'koosh_comment',	'2014-10-13 12:44:22',	1),
(112,	25,	NULL,	4,	21,	NULL,	'koosh_comment',	'2014-10-13 12:57:25',	1),
(113,	25,	NULL,	4,	21,	NULL,	'koosh_comment',	'2014-10-13 12:58:03',	1),
(114,	25,	NULL,	4,	21,	NULL,	'koosh_comment',	'2014-10-13 12:58:13',	1),
(155,	69,	NULL,	3,	2,	NULL,	'koosh_invite',	'2014-10-27 13:25:10',	NULL),
(156,	69,	NULL,	3,	1,	NULL,	'koosh_invite',	'2014-10-27 13:25:11',	NULL),
(163,	49,	NULL,	4,	4,	NULL,	'koosh_comment',	'2014-10-27 16:04:02',	1),
(164,	30,	NULL,	4,	22,	NULL,	'koosh_like',	'2014-10-28 10:34:20',	1),
(165,	75,	NULL,	4,	4,	NULL,	'koosh_invite',	'2014-10-28 10:55:03',	NULL),
(200,	25,	NULL,	17,	21,	NULL,	'koosh_comment',	'2014-10-31 10:52:39',	1),
(201,	49,	NULL,	23,	4,	NULL,	'koosh_comment',	'2014-10-31 20:56:01',	1),
(209,	86,	NULL,	3,	2,	NULL,	'koosh_invite',	'2014-11-04 07:51:59',	NULL),
(210,	86,	NULL,	3,	1,	NULL,	'koosh_invite',	'2014-11-04 07:51:59',	NULL),
(211,	87,	NULL,	3,	2,	NULL,	'koosh_invite',	'2014-11-04 07:54:08',	NULL),
(233,	49,	NULL,	23,	4,	NULL,	'koosh_comment',	'2014-11-13 01:28:28',	1),
(236,	49,	NULL,	14,	4,	NULL,	'koosh_comment',	'2014-11-17 17:16:59',	1),
(237,	49,	NULL,	4,	4,	NULL,	'koosh_comment',	'2014-11-17 17:18:52',	1),
(241,	94,	NULL,	4,	4,	NULL,	'koosh_comment',	'2014-11-18 19:13:14',	1),
(242,	94,	NULL,	14,	4,	NULL,	'koosh_comment',	'2014-11-18 19:16:08',	1),
(244,	49,	NULL,	14,	4,	NULL,	'koosh_like',	'2014-11-20 15:03:41',	1),
(251,	NULL,	NULL,	2,	2,	20,	'koosh_friend',	'2014-11-25 12:47:19',	NULL),
(252,	NULL,	NULL,	4,	1,	21,	'koosh_friend',	'2014-11-25 12:48:59',	NULL),
(257,	48,	NULL,	23,	10,	NULL,	'koosh_comment',	'2014-11-28 15:59:10',	1),
(264,	95,	NULL,	14,	14,	NULL,	'koosh_comment',	'2014-12-03 17:40:23',	1),
(268,	49,	NULL,	4,	4,	NULL,	'koosh_comment',	'2014-12-03 17:52:22',	1),
(269,	79,	NULL,	14,	14,	NULL,	'koosh_comment',	'2014-12-03 18:20:31',	1),
(299,	112,	NULL,	14,	14,	NULL,	'koosh_like',	'2014-12-13 15:54:41',	1),
(300,	95,	NULL,	14,	14,	NULL,	'koosh_like',	'2014-12-13 15:56:00',	1),
(301,	94,	NULL,	14,	4,	NULL,	'koosh_like',	'2014-12-13 16:19:22',	1),
(303,	112,	NULL,	4,	14,	NULL,	'koosh_comment',	'2014-12-14 10:51:25',	1),
(304,	94,	NULL,	4,	4,	NULL,	'koosh_comment',	'2014-12-14 12:14:50',	1),
(305,	95,	NULL,	4,	14,	NULL,	'koosh_comment',	'2014-12-14 12:20:56',	1),
(309,	2,	NULL,	2,	2,	NULL,	'koosh_comment',	'2014-12-14 21:59:20',	1),
(310,	2,	NULL,	2,	2,	NULL,	'koosh_like',	'2014-12-14 21:59:52',	1),
(311,	112,	NULL,	31,	14,	NULL,	'koosh_like',	'2014-12-14 23:10:52',	1),
(312,	55,	NULL,	4,	4,	NULL,	'koosh_like',	'2014-12-15 08:27:15',	1),
(313,	49,	NULL,	4,	4,	NULL,	'koosh_comment',	'2014-12-15 08:40:22',	1),
(314,	94,	NULL,	4,	4,	NULL,	'koosh_like',	'2014-12-15 08:40:44',	1),
(315,	115,	NULL,	4,	4,	NULL,	'koosh_invite',	'2014-12-15 12:50:39',	NULL),
(316,	115,	NULL,	4,	21,	NULL,	'koosh_invite',	'2014-12-15 12:50:40',	NULL),
(320,	117,	NULL,	31,	4,	NULL,	'koosh_invite',	'2014-12-15 20:59:19',	NULL),
(321,	117,	NULL,	31,	21,	NULL,	'koosh_invite',	'2014-12-15 20:59:21',	NULL),
(324,	118,	NULL,	31,	4,	NULL,	'koosh_invite',	'2014-12-15 21:04:50',	NULL),
(325,	118,	NULL,	31,	21,	NULL,	'koosh_invite',	'2014-12-15 21:04:51',	NULL),
(328,	119,	NULL,	31,	4,	NULL,	'koosh_invite',	'2014-12-15 21:05:38',	NULL),
(330,	81,	NULL,	32,	22,	NULL,	'koosh_comment',	'2014-12-15 22:41:31',	1),
(342,	112,	NULL,	32,	14,	NULL,	'koosh_like',	'2014-12-16 12:36:32',	1),
(343,	112,	NULL,	32,	14,	NULL,	'koosh_comment',	'2014-12-16 12:48:45',	1),
(344,	112,	NULL,	32,	14,	NULL,	'koosh_comment',	'2014-12-16 13:12:27',	1),
(357,	137,	NULL,	35,	35,	NULL,	'koosh_invite',	'2014-12-17 22:04:03',	NULL),
(362,	139,	NULL,	14,	14,	NULL,	'koosh_invite',	'2014-12-18 11:24:12',	NULL),
(365,	140,	NULL,	14,	14,	NULL,	'koosh_invite',	'2014-12-19 11:56:24',	NULL),
(366,	127,	NULL,	14,	14,	NULL,	'koosh_comment',	'2014-12-19 12:46:58',	1),
(367,	141,	NULL,	35,	35,	NULL,	'koosh_invite',	'2014-12-19 12:51:11',	NULL);

CREATE TABLE `user` (
  `id` int(11) NOT NULL AUTO_INCREMENT,
  `firstName` varchar(255) COLLATE utf8_unicode_ci NOT NULL,
  `username` varchar(255) COLLATE utf8_unicode_ci NOT NULL,
  `lastName` varchar(255) COLLATE utf8_unicode_ci NOT NULL,
  `email` varchar(255) COLLATE utf8_unicode_ci NOT NULL,
  `password` varchar(255) COLLATE utf8_unicode_ci NOT NULL,
  `salt` varchar(255) COLLATE utf8_unicode_ci NOT NULL,
  `dob` datetime NOT NULL,
  `pushId` varchar(255) COLLATE utf8_unicode_ci DEFAULT NULL,
  `image` varchar(255) COLLATE utf8_unicode_ci DEFAULT NULL,
  `path` varchar(255) COLLATE utf8_unicode_ci DEFAULT NULL,
  `facebookId` varchar(255) COLLATE utf8_unicode_ci DEFAULT NULL,
  `twitterId` varchar(255) COLLATE utf8_unicode_ci DEFAULT NULL,
  `nudged` smallint(6) DEFAULT '0',
  `created` datetime NOT NULL,
  `updated` datetime NOT NULL,
  PRIMARY KEY (`id`),
  UNIQUE KEY `UNIQ_8D93D649F85E0677` (`username`),
  UNIQUE KEY `UNIQ_8D93D649E7927C74` (`email`)
) ENGINE=InnoDB DEFAULT CHARSET=utf8 COLLATE=utf8_unicode_ci;

INSERT INTO `user` (`id`, `firstName`, `username`, `lastName`, `email`, `password`, `salt`, `dob`, `pushId`, `image`, `path`, `facebookId`, `twitterId`, `nudged`, `created`, `updated`) VALUES
(1,	'Karel',	'karel33',	'Vorisek',	'petr.svacha@webpagesoftware.co.uk',	'7fe5208c1ca965113ccb73d52926478064169696',	'3bc6494278a77c0c3f8b97749aa8d274409c4ccc',	'1974-05-03 00:00:00',	NULL,	NULL,	'b118b4fd69dab511d526ef39ec06438efbd195ab.png',	NULL,	NULL,	0,	'2014-09-02 07:17:01',	'2014-09-02 13:49:57'),
(2,	'Venca',	'venca33',	'Vopicka',	'h.a.w.a.j@seznam.cz',	'8b1e650acd8112c0bfc9fe8e870a5048414f9599',	'64c30085c8db5c2a2a23aa41fede234ade5d3c06',	'1982-02-04 00:00:00',	'124568',	NULL,	'b73b1f44858a904ba0b647bdb5d09a679f5115cc.jpeg',	NULL,	NULL,	0,	'2014-09-02 07:18:18',	'2014-09-17 13:53:43'),
(3,	'CHANGE',	'hawaj',	'Svacha',	'xx@sdf.cz',	'45dab1b0f27e0224214191ee7a1cfdce78a416bd',	'3c725007995b4de125f1c0f6856578ca3d85ab5b',	'1990-01-22 12:02:36',	NULL,	NULL,	'7654cd6c741bda57b4c5734a2777ba8a52a1f0ca.png',	NULL,	NULL,	0,	'2014-09-02 07:20:25',	'2014-10-13 12:02:36'),
(4,	'Simon',	'dennysimon',	'Denny',	'dennysimon@me.com',	'1b9742ec4e8c4e033d81c2e7110063aa33c0cd8b',	'4a0b24b103d3d845a8376124c540a55a2a50bcf8',	'1990-01-22 12:23:59',	'3efa7ebc1538b2f1a21cfc6570c14b5ce7bc082daa853cbfbd7659e466820fc6',	NULL,	'cbe6b3258dc2044769a9c5f6921538d1325675e7.jpeg',	NULL,	NULL,	0,	'2014-09-08 10:29:22',	'2014-12-16 09:13:02'),
(7,	'Venca',	'vokurka3',	'Vokurka',	'venca@vokurka.co.uk',	'791a28cbf665aa4474c5a8111c2f8b5382f26132',	'e3c4ed8fb4a965e14abd905623a1c38a08764307',	'1980-05-02 12:27:02',	'',	'/tmp/phpxLAwoS',	'378c84c9575f5a094d8cf18c2d67bad973dea7f6.jpeg',	NULL,	NULL,	0,	'2014-09-08 12:27:02',	'2014-09-08 12:27:02'),
(9,	'Venca',	'vokurka33',	'Vokurka',	'venca@vokurka2.co.uk',	'b68aa3862a3fdaf7ef2d9c9022fc65390fac1052',	'3e4fa1adecbaea192605c9155476159e55dbf1bd',	'1980-05-02 13:00:54',	NULL,	'/tmp/phpDBMgLw',	'08d72ea098e50c4ec0a3b161e379e0284cebd597.png',	NULL,	NULL,	0,	'2014-09-08 13:00:54',	'2014-09-08 13:00:54'),
(10,	'Venca',	'vokurka123',	'Vokurka',	'venca@vokurka3.co.uk',	'b615e36565397d53e6c041d8989da6584109db3e',	'980d3103dffac0e0ed37d5212a119fe4bd69e49f',	'1980-05-02 13:11:01',	NULL,	'/tmp/phpb5gYSs',	'decb5cef3f895d987c0aca9991290f8aa93a68a4.png',	NULL,	NULL,	0,	'2014-09-08 13:11:01',	'2014-09-08 13:11:01'),
(13,	'3rd',	'3rd-test',	'test',	'3rd@me.com',	'f8e376074b7fe2f4e1832fcb004647c7ca6e5f88',	'e7f04808cf12290d754d3724fd282bb331c5344b',	'1990-11-11 13:26:58',	'7e0eedf7dd573e82dd8a82469f930140460556657662dd1731a8ffc440adc178',	'/tmp/phpdwfzGe',	'5466e5caff9191831e99a5c3318ec4fa591f97b8.jpeg',	NULL,	NULL,	0,	'2014-09-08 13:26:58',	'2014-09-08 13:26:58'),
(14,	'test',	'John Edwards',	'me',	'test@me.com',	'35dbff6c49bbc0311346dcedab034371c77307e2',	'ac6768b09226982fc3b34d19bd520f95c7c2fb7c',	'2014-11-17 17:15:43',	'6cc0443236079921fd766b4e06b3807d1259823e8ac4d76659c2ae0e048f5979',	NULL,	'9527bf11cd72511d59934bb185c427f028177b02.jpeg',	NULL,	NULL,	0,	'2014-09-08 13:28:16',	'2014-12-19 14:08:49'),
(16,	'Venca',	'vokurka23',	'Vokurka',	'venca23@vokurka.co.uk',	'84aaacc0ba6447c0fcda01a5963a066a30e356d5',	'25fb22c957a52c37c6b615db34eebaae786871e2',	'1980-05-02 13:14:24',	NULL,	'/tmp/php92IFcs',	'0f41877c8d33ae458ed5f4496c890e20fdf30771.jpeg',	'987654321',	'123456789',	0,	'2014-09-15 13:14:24',	'2014-09-15 13:14:24'),
(17,	'Venca',	'vokurka231',	'Vokurka',	'venca231@vokurka.co.uk',	'f0b10f41f980c5fcdd2f677c44365192c3cd17d6',	'd3926b4075952cbf8584f383641b47868d5c6fa4',	'1980-05-02 13:19:05',	NULL,	'/tmp/phpCZe1f6',	'b83754ad247108608cb8d5f4706cea8ef05988b0.jpeg',	'987654321',	'123456789',	0,	'2014-09-15 13:19:05',	'2014-09-15 13:19:05'),
(18,	'Simon',	'Simon Denny',	'Denny',	'sidisswedish@hotmail.com',	'963e8cbd3c94f931d6e3f912a21cbd8780a53495',	'1a3593ca3d6d3ca19cb25491a320dbdcd7a97476',	'1990-01-22 14:33:00',	'9f371a41c37b38ae2845c0627b89f91a549a81094a76d4d3347470710e9d78d1',	NULL,	'80f4acd93fe203a60b97b8b62915dfe9d56b81ac.jpeg',	'10154559051440371',	NULL,	0,	'2014-09-15 14:33:00',	'2014-12-11 15:27:50'),
(19,	'Simon',	'simonjdenny',	'Denny',	'si@me.com',	'5bb290ecaf591372fcee56191a7d5a5254c0fb0b',	'077c9afe0704c59436b593665c10347d493e1a29',	'1990-01-22 14:55:49',	'bf98499300d6401c6a4bf637a9e4220b98f37ce3391460af6a45a6400b6cbc3b',	NULL,	'c7497ab36a331780da27e5580203f5d3c21cdff2.jpeg',	NULL,	'220831546',	0,	'2014-09-15 14:55:49',	'2014-09-18 13:35:51'),
(20,	'l',	'l',	'l',	'l',	'eb35c901265421c89c6bbd3e94b71e108fd8d797',	'4798ebf1ad0904833deb0580b27aa26f6cfac5c5',	'1990-01-22 15:14:13',	'(null)',	'/tmp/php5cbTgI',	'1a8a092e48cf1bcaf465e6ed3a3ecb5091e3ebc5.jpeg',	NULL,	NULL,	0,	'2014-09-15 15:14:13',	'2014-09-15 15:14:13'),
(21,	'Simon',	'simion',	'Latest test',	'latest@me.com',	'c3ec642eb3cdb683e00bf2fa0fb047c01832dfc2',	'e5d06725e2fd2f379a51d711b1d11706bc837e9a',	'1990-01-22 18:01:22',	'3efa7ebc1538b2f1a21cfc6570c14b5ce7bc082daa853cbfbd7659e466820fc6',	NULL,	'6e2da85290c85864adda82f4c0b3ca3da4fbf152.jpeg',	NULL,	NULL,	0,	'2014-09-16 17:58:55',	'2014-11-17 17:32:58'),
(22,	'Ben',	'ben',	'Price',	'benprice92@me.com',	'67644cddbaee5696dc3a1ff36029380120842225',	'9188c732d681da80cfe955b2ff13a11fe27169ff',	'1992-03-05 16:23:07',	'cedfeb976ad6cc2499d19219a4540228a6ad236134f22116a121277b88207d8d',	NULL,	'832f8e468e08177fa1df6b69811f2c1486a5b883.jpeg',	NULL,	NULL,	0,	'2014-09-17 10:51:39',	'2014-12-14 16:31:41'),
(23,	'mark',	'markyg',	'griffiths',	'mark6.4@hotmail.com',	'08d8ab79dd8ab3f3279e990642b8f33ea39d6567',	'ec1e89027608699429077318b221604650f41a64',	'1974-04-10 20:17:56',	'APA91bG0QDeckG1TPYQZjnfCE9XhyMYX2S3JD1xc5-AZPcaygIj_ce9kMDMmN8BvGJc1sRgPz6OqEKadV0MKCnrJnsmLvOZkuVb9HdowxJiyEtYfLtXWQfmANonEVXZSBYIAHHW9GaCiXXgreied25fYoPJT-MOW87_i5LUskJ0b5JEAMmPahqc',	NULL,	'748a683a7fba8fb947e9441adb005b5de99e130b.jpeg',	NULL,	NULL,	0,	'2014-09-17 14:28:44',	'2014-12-18 12:46:02'),
(24,	'Cher',	'cher',	'bilsland',	'cher1977@live.co.uk',	'3f6f1492261b95c8557c27111ec0787f600e96c9',	'f0b08a56b02a1d13d4c2340227e724cbfb6c24eb',	'1977-11-11 20:39:32',	'f65e95f5251c66fb75f760aa1fe924beea11af45ad783253d47717ea7a620bc5',	NULL,	'a7a13a19542bf27761a01df37ca5e65d6838823f.jpeg',	NULL,	NULL,	0,	'2014-09-17 16:33:28',	'2014-10-15 10:31:50'),
(25,	'Daniel',	'dmc',	'Cainer',	'dmcmobile1@gmail.com',	'b803ce1402d39e20d5345418b8b11f30476b4770',	'040986b423b97a56b3f5c21926eb8373179f6d10',	'1973-09-13 21:51:41',	'f1610c72641d74bf87a9be633722d1a398548b6ac0373110d3373a17a9a3fdec',	'/tmp/phphacTlz',	'd0a60bbb99f6ce5ad9f44b37be8570657bb3f14f.jpeg',	NULL,	NULL,	0,	'2014-09-17 21:51:41',	'2014-09-17 21:51:41'),
(26,	'Matt ',	'mattprice',	'Price',	'mattprice1@me.com',	'3ed5f7f740556f8b4a9711fec1c49d18db7816d2',	'31bbbd78946528e00b791515341db3ef2daf5c37',	'0085-03-09 16:42:12',	'728f01c1adda48f571a808c9d6a984cd1e6c54e818538d3018fc2dcdae51e6e5',	NULL,	'e6e66bc5e638a1e985212b7a731ad2e5afb3ba3d.jpeg',	NULL,	NULL,	0,	'2014-09-18 01:36:35',	'2014-12-08 13:28:52'),
(27,	'Gayle',	'Gayle_Denny',	'Denny',	'fender_pearl@hotmail.com',	'a8e106d9827e56a591792d3b520c5f03e5220ab3',	'5735cd662b32b692ab8feb1a52f5abb058dc2ec1',	'1990-02-14 10:55:02',	'258a7d078c6fc527eb61efc9592ca11ce5d2c7aff60cf29218158b7d8349853f',	NULL,	'c8275228524f1ee50d15729d432591675fd142bb.jpeg',	'10154823173120697',	NULL,	0,	'2014-11-25 10:55:02',	'2014-11-25 10:55:17'),
(28,	'Simon',	'Test User',	'Denny2',	'testingpriv@me.com',	'2002bfbe7ca7a7823cf3a79f63911ddbd48f823a',	'fe2991c0f0423115b7c9ee5afb857ee0c6054f92',	'1990-01-22 09:19:59',	'3efa7ebc1538b2f1a21cfc6570c14b5ce7bc082daa853cbfbd7659e466820fc6',	'/tmp/php5pzgWW',	'84d646827ba01b13388a66c10a85cfd5610f0853.jpeg',	NULL,	NULL,	0,	'2014-12-04 09:19:59',	'2014-12-04 09:19:59'),
(29,	'karel',	'kaja',	'vorisek',	'karel@vorisek.co.uk',	'b6468a9a8853eaf659f80dc401ef1f9628b86479',	'8b5c3fc34c814432d7d2f8b4b14e70a8ad64a3b0',	'1980-05-05 22:36:51',	NULL,	'/tmp/php7DaonX',	'8e055cac2a2341adb237968c22f631196dc520f4.jpeg',	NULL,	NULL,	0,	'2014-12-06 22:36:51',	'2014-12-06 22:36:51'),
(30,	'karel',	'kaja1',	'vorisek',	'karel1@vorisek.co.uk',	'9aae4d9e1ac29b48f1d43245a52839b8d84d526e',	'ad00571d3cdc0942d8fde86be096717b09cd3ab1',	'1980-05-05 12:28:25',	NULL,	'/tmp/phplGp6x5',	'51a8cbf814f0c52d5edbe39a78e279983307b54c.jpeg',	NULL,	NULL,	0,	'2014-12-07 12:28:25',	'2014-12-07 12:28:25'),
(31,	'Jan',	'jirka2',	'Novak',	'jirka@volny.cz',	'7b982d4d073835f03d6796fb1300f71c2399f372',	'1a39dbb5e200b42f2b27b0a5691760d50ffe3734',	'1980-11-01 11:09:46',	NULL,	'/tmp/phpH09rNE',	'7a3f3233498b24430685fb65b03fe342b66f7c9d.jpeg',	NULL,	NULL,	0,	'2014-12-07 13:18:38',	'2014-12-15 11:09:46'),
(32,	'Jan',	'jan666',	'Avbbb',	'jan@volny.cz',	'f1bdebc52d68f15deba89e7f2d440b25eb97735c',	'49864425b358a3f91e7dd4ae8000c4b4c0662243',	'1999-12-15 13:42:49',	'APA91bH997EGnn8jJjBUWq8sgQjjaVJ8CMsEU5cEc3tKP5BqSt0xAjWLPCNyJA1L0TpgkqFcNqGAIhEdNxX5Unn2Jape4FLKAS8EmAJMNk7hTHy4EzUVlbBnZ5yPY79vKiN2lSUyAbXFKr2IMg4AUgDlExyIqdGM0HmqKKtOP2i81gquz3das2U',	NULL,	'13f1432e3f60bf7ab2eb7adb3b6be6eeeab237da.jpeg',	NULL,	NULL,	0,	'2014-12-15 13:42:49',	'2014-12-16 14:11:49'),
(33,	'Flanders',	'Flanders Smith',	'Smith',	'flyflyerson3@gmail.com',	'e8e6e0b40b9ac935fd1f6e24505df8b9d0382137',	'1c03dc87ed1b64181f378b7929ca94748fb8f4de',	'1987-12-17 18:19:10',	'(null)',	'/tmp/phplRNxG9',	'94490e782baf7227eca5b62c850fd502054ffe5a.jpeg',	'495918813884287',	NULL,	0,	'2014-12-17 18:19:10',	'2014-12-17 18:19:10'),
(34,	'jan22',	'jan22',	'aa',	'jan22@volny.cz',	'92f95dd45ff902fb3630ddb8c02a1829d2d54d47',	'e9a7d17a193e5eb9b81dbc6871c8127292c93a8a',	'2010-12-17 21:53:02',	NULL,	'/tmp/phpCehWNA',	'12d9854b3c47315c2786a21a0f52ca6ae0773956.jpeg',	NULL,	NULL,	0,	'2014-12-17 21:53:02',	'2014-12-17 21:53:02'),
(35,	'milos',	'mm',	'aaa',	'milos@volny.cz',	'2567417cae34cd74d263c8688619adf624ca6787',	'c82bfabf4ed23e84391e6c57f8e122265a634a5a',	'2010-12-17 21:54:56',	'APA91bH_5CMse4ECA2PRS0YoHpGvShx6xRwTaQE6H-gEqo1cr4ptrubDXHrMBFdb2T8h_MzM8fKAEXGwQudHLoCWACqnEbH4AKVk5WRqRNjWQHn7s4bMZBwj-YrDaZ06PRK19R-0ksanES8o32M3leux2dHeZ-BwrCgTS8rs5o_CZpbQ1P2j9qM',	NULL,	'8bdc2fa74685bdc76c92ecf52fe149576a320174.jpeg',	NULL,	NULL,	0,	'2014-12-17 21:54:56',	'2014-12-17 22:01:38');

CREATE TABLE `video` (
  `id` int(11) NOT NULL AUTO_INCREMENT,
  `title` varchar(255) COLLATE utf8_unicode_ci NOT NULL,
  `caption` varchar(255) COLLATE utf8_unicode_ci DEFAULT NULL,
  `videoFile` varchar(255) COLLATE utf8_unicode_ci DEFAULT NULL,
  `videoFilePath` varchar(255) COLLATE utf8_unicode_ci DEFAULT NULL,
  `userId` int(11) NOT NULL,
  `kooshId` int(11) NOT NULL,
  `muted` smallint(6) NOT NULL DEFAULT '0',
  `nudged` smallint(6) NOT NULL DEFAULT '0',
  `status` int(11) NOT NULL DEFAULT '0',
  `created` datetime NOT NULL,
  `updated` datetime NOT NULL,
  `imageFile` varchar(255) COLLATE utf8_unicode_ci DEFAULT NULL,
  `imageFilePath` varchar(255) COLLATE utf8_unicode_ci DEFAULT NULL,
  PRIMARY KEY (`id`),
  KEY `IDX_7CC7DA2C64B64DCC` (`userId`),
  KEY `IDX_7CC7DA2CA2375E95` (`kooshId`),
  CONSTRAINT `FK_7CC7DA2C64B64DCC` FOREIGN KEY (`userId`) REFERENCES `user` (`id`) ON DELETE CASCADE,
  CONSTRAINT `FK_7CC7DA2CA2375E95` FOREIGN KEY (`kooshId`) REFERENCES `koosh` (`id`) ON DELETE CASCADE
) ENGINE=InnoDB DEFAULT CHARSET=utf8 COLLATE=utf8_unicode_ci;

INSERT INTO `video` (`id`, `title`, `caption`, `videoFile`, `videoFilePath`, `userId`, `kooshId`, `muted`, `nudged`, `status`, `created`, `updated`, `imageFile`, `imageFilePath`) VALUES
(1,	'Forever Faster',	'Video test Caption',	NULL,	'93834295ace026f71770c65c092719ae9e296990.mp4',	1,	1,	0,	0,	0,	'2014-09-02 07:34:08',	'2014-09-03 07:25:53',	NULL,	NULL),
(2,	'Death Gas',	'Video Caption',	NULL,	'eb6a4e08e589920844b0c5bf384cd6e68c9ca6c3.mp4',	2,	1,	1,	0,	0,	'2014-09-02 07:35:40',	'2014-09-03 07:25:53',	NULL,	NULL),
(3,	'Mouse Advert',	'Mouse Advert',	NULL,	'813602c71a03695176ca990277a5ea7a4843b937.mp4',	1,	2,	0,	0,	0,	'2014-09-02 11:39:00',	'2014-10-31 12:04:46',	NULL,	NULL),
(4,	'Sportka',	'Sportka',	NULL,	'0b7c8bfab2f9bffcec5932a9eafddff5c955615f.mp4',	2,	2,	0,	0,	0,	'2014-09-02 11:39:36',	'2014-10-31 12:04:46',	NULL,	NULL),
(5,	'Funny Minion',	'Funny Minion',	NULL,	'c0558de3a30d156c8b568582116f02c4ca75c702.mp4',	3,	2,	0,	0,	0,	'2014-09-02 11:41:41',	'2014-10-31 12:04:46',	NULL,	NULL),
(23,	'sfsdaf',	'asdfasdfsd',	NULL,	'bb544419e15ea2e8636fddc2ff68c768d7f6c7ee.mp4',	2,	18,	0,	0,	1,	'0000-00-00 00:00:00',	'2014-09-16 11:07:50',	NULL,	'0a0e14f910e819c115f60032539ac9b47e8ae140.jpg'),
(27,	'dennysimon - video',	NULL,	NULL,	NULL,	13,	23,	0,	1,	0,	'2014-09-16 13:58:20',	'2014-09-17 14:22:28',	NULL,	NULL),
(28,	'dennysimon - video',	NULL,	NULL,	'bfbb38979d167db469444001e440b8bb3b78f295.mp4',	14,	23,	0,	0,	1,	'2014-09-16 13:58:20',	'2014-10-28 12:46:36',	NULL,	'03a4111fb8149d3f1ffa7314be15384fefee9d0c.jpg'),
(29,	'dennysimon - video',	NULL,	NULL,	'1923bb575bb6644de796f5c1d78c3979eae36999.mp4',	19,	23,	0,	0,	1,	'2014-09-16 13:58:20',	'2014-09-16 15:17:07',	NULL,	'd6c2ed7273d6a17fb3eb96c2647c98c4ee51b4fa.jpg'),
(32,	'ben - video',	'testing',	NULL,	'010443228e1e5e252cfa737f7f5ee8b3325b35e5.mp4',	4,	30,	1,	1,	1,	'2014-09-17 11:00:52',	'2014-10-03 13:21:02',	NULL,	'7e31910898d33203b5e16ea828bd301274658cdd.jpg'),
(47,	'mattprice - video',	NULL,	NULL,	'7b7931c94a4f52f1818dda28bf8abd4fcce86053.mp4',	26,	38,	0,	0,	1,	'2014-09-18 01:37:04',	'2014-09-18 01:37:30',	NULL,	'006a097b34b725cf7764ce918e9b7ef9320b843f.jpg'),
(60,	'ben - video',	'bens video',	NULL,	'a2d156538bbee2947e9392e4c4c596c9bc3abcd8.mp4',	22,	47,	0,	0,	1,	'2014-09-18 11:51:07',	'2014-10-31 12:23:28',	NULL,	'cc418f6dee3ce54aa93f7c40374042b081e8ce1e.jpg'),
(61,	'ben - video',	'marks video',	NULL,	'cdbdcb9ce6f5ba0c77188c832376602b76b885cc.mp4',	23,	47,	0,	1,	1,	'2014-09-18 11:51:07',	'2014-10-31 12:23:28',	NULL,	'ba46329bdf17dff5efad6189795b7672259e5950.jpg'),
(63,	'cher - video',	NULL,	NULL,	'd774c0942d24ee9e3857039d74e2dd5206e713fe.mp4',	23,	50,	0,	1,	1,	'2014-09-19 20:38:58',	'2014-10-04 17:17:13',	NULL,	'ba6d3c61c7f85ad486c2dfac62a5ef44627898e3.jpg'),
(68,	'dennysimon - video',	'testing video',	NULL,	'fbca4a0f00562ed60f0eae2e8975f7d9867a6eef.mp4',	4,	54,	1,	0,	1,	'2014-10-13 10:46:01',	'2014-12-11 15:30:52',	NULL,	'61dbb4a9ec5d6924370fd26cc05d1e2b534d84c2.jpg'),
(70,	'dennysimon - video',	'private',	NULL,	'35c267f2e7a5559ceffc2587d385bb47312a642e.mp4',	4,	55,	0,	0,	1,	'2014-10-13 13:50:51',	'2014-10-13 14:48:34',	NULL,	'd3547a8ff9728cc48d935616033f9af5913d83e2.jpg'),
(84,	'dennysimon - video',	'test',	NULL,	'c1511fc57659139cbf884493d2b5ecc0a8280372.mp4',	4,	68,	0,	0,	1,	'2014-10-27 13:00:11',	'2014-10-29 10:52:15',	NULL,	'87e765892df37f5e709b8fe9c6fe4c26fb4bf374.jpg'),
(89,	'dennysimon - video',	NULL,	NULL,	'7dee6b1c2c079669f1cf5d2e50bba2513cdca94b.mp4',	4,	74,	0,	0,	1,	'2014-10-27 15:23:39',	'2014-12-14 12:14:05',	NULL,	'df52492ea142fcd8eb65c08610ae6250ba25d35a.jpg'),
(90,	'dennysimon - video',	NULL,	NULL,	NULL,	4,	75,	0,	0,	0,	'2014-10-28 10:55:04',	'2014-10-28 10:55:04',	NULL,	NULL),
(95,	'test-me - video',	NULL,	NULL,	'fe2d99856b7d3ad5615f4dca66171ae47ac368a9.mp4',	14,	78,	0,	0,	1,	'2014-10-28 11:55:35',	'2014-10-28 12:54:59',	NULL,	'b69a865c982fa9429ef054c9752cdcb69926af26.jpg'),
(97,	'test-me - video',	'',	NULL,	'0cd644ac7d986e8edb1b6ea34befd20424e95bfd.mp4',	14,	79,	0,	0,	1,	'2014-10-28 11:58:26',	'2014-11-20 15:35:01',	NULL,	'32eddebd6fff7b67690744ce962e3734f819eaa4.jpg'),
(98,	'dennysimon - video',	'u',	NULL,	'fe8a34e7c05c6252aff9961d104f7e9356be293a.mp4',	4,	80,	0,	0,	1,	'2014-10-29 11:13:32',	'2014-10-29 11:36:59',	NULL,	'f109262aa82177dec78bc0e2a1cd658e9e967b10.jpg'),
(99,	'ben - video',	'this is my text',	NULL,	'bdc765e9176f6c3848c3aa189082ab7b318a54b1.mp4',	22,	81,	0,	0,	1,	'2014-10-29 13:26:55',	'2014-10-29 16:24:16',	NULL,	'68eeee2cfb77f1aa95584f1ad7fbfeb8f8caf983.jpg'),
(100,	'ben - video',	'marks video',	NULL,	'135ea31e536104554c4780abba6480b188704144.mp4',	23,	81,	0,	0,	1,	'2014-10-29 13:26:56',	'2014-10-29 16:24:16',	NULL,	'c24d24f3e6aebb83f1684641d87a060afd5b0fd4.jpg'),
(113,	'dennysimon - video',	'My Dog',	NULL,	'545602d27cc5f00101278e8603010bc239265b53.mp4',	4,	94,	0,	0,	1,	'2014-11-17 17:27:53',	'2014-11-18 19:08:55',	NULL,	'8cc09a92249b301b16b057e8eb400b9e5a34bd7a.jpg'),
(114,	'dennysimon - video',	'',	NULL,	'f4b464d6067689749c656f0e018a1923148bda2d.mp4',	14,	94,	0,	0,	1,	'2014-11-17 17:27:53',	'2014-11-18 19:08:55',	NULL,	'642489d32267120e213a0426f97a1898fffb0544.jpg'),
(115,	'dennysimon - video',	'',	NULL,	'0d26d853436c85fd969e784fc6930af52c833b24.mp4',	21,	94,	0,	0,	1,	'2014-11-17 17:27:54',	'2014-11-18 19:08:56',	NULL,	'2317f9ae6419b743069f1e031c02058f9096e679.jpg'),
(116,	'John Edwards - video',	'',	NULL,	'984e26b7f1a817a16b0adb75f108ed9ffd828770.mp4',	14,	95,	0,	0,	1,	'2014-11-20 15:26:03',	'2014-11-20 15:30:29',	NULL,	'a0e19d453f85f031e89061d887776688aeb7e962.jpg'),
(117,	'John Edwards - video',	'',	NULL,	'8c182e65b35c769a2454ff4fb6dd4f322959ec84.mp4',	4,	95,	0,	0,	1,	'2014-11-20 15:26:04',	'2014-11-20 15:30:29',	NULL,	'820882421e9fa674664b9f3e71fac2d8d8edf1ea.jpg'),
(120,	'Test User - video',	'',	NULL,	'35374c5cca53d88aebaec42dfe7b8e6d6f243620.mp4',	28,	103,	0,	0,	1,	'2014-12-04 09:23:45',	'2014-12-04 09:24:19',	NULL,	'0f913b7a3e4034bcb09f2bb9af39dc658683f729.jpg'),
(123,	'dennysimon - video',	NULL,	NULL,	NULL,	4,	115,	0,	0,	0,	'2014-12-15 12:50:40',	'2014-12-15 12:50:40',	NULL,	NULL),
(124,	'dennysimon - video',	NULL,	NULL,	NULL,	21,	115,	0,	0,	0,	'2014-12-15 12:50:40',	'2014-12-15 12:50:40',	NULL,	NULL),
(125,	'dennysimon - video',	NULL,	NULL,	'eb3b24080de97e7d9705e8439a126b8cd1130940.mp4',	23,	115,	0,	0,	1,	'2014-12-15 12:50:42',	'2014-12-15 14:08:17',	NULL,	'94106609418c3f95dce6c898ead06f7c79f0c7d9.jpg'),
(128,	'jirka2 - video',	NULL,	NULL,	NULL,	4,	117,	0,	0,	0,	'2014-12-15 20:59:21',	'2014-12-15 20:59:21',	NULL,	NULL),
(129,	'jirka2 - video',	NULL,	NULL,	NULL,	21,	117,	0,	0,	0,	'2014-12-15 20:59:21',	'2014-12-15 20:59:21',	NULL,	NULL),
(130,	'jirka2 - video',	NULL,	NULL,	'753ed8b8985336c16bdb4f2b347c484644d09094.mp4',	23,	117,	0,	0,	1,	'2014-12-15 20:59:22',	'2014-12-15 23:24:20',	NULL,	'8623a41fb70e262fe6b49ee162d359db04037456.jpg'),
(132,	'jirka2 - video',	NULL,	NULL,	NULL,	4,	118,	0,	0,	0,	'2014-12-15 21:04:51',	'2014-12-15 21:04:51',	NULL,	NULL),
(133,	'jirka2 - video',	NULL,	NULL,	NULL,	21,	118,	0,	0,	0,	'2014-12-15 21:04:51',	'2014-12-15 21:04:51',	NULL,	NULL),
(134,	'jirka2 - video',	NULL,	NULL,	'ff0e5c5a0f266c6e1d4c1d8d1494c9568274b91f.mp4',	23,	118,	0,	0,	1,	'2014-12-15 21:04:53',	'2014-12-18 11:01:36',	NULL,	'b3d88ed9a1fb29635279949c18b3c74e1ceb66f6.jpg'),
(136,	'jirka2 - video',	NULL,	NULL,	NULL,	4,	119,	0,	0,	0,	'2014-12-15 21:05:39',	'2014-12-15 21:05:39',	NULL,	NULL),
(137,	'jan666 - video',	NULL,	NULL,	'52fe3948764467e6f54aec7be9675b3f65bd341c.mp4',	32,	120,	0,	1,	1,	'2014-12-15 22:06:04',	'2014-12-15 22:43:01',	NULL,	'737297a448a92f071c9a2b4767f992a87cb59cf2.jpg'),
(142,	'John Edwards - video',	'',	NULL,	'1e7497451339a456ddcf8294ac4713b4d43c1406.mp4',	14,	127,	1,	0,	1,	'2014-12-16 09:16:18',	'2014-12-16 11:09:58',	NULL,	'236d2b1a2703584aa7c9eacc9d14e9d46225c2ef.jpg'),
(146,	'John Edwards - video',	NULL,	NULL,	'e3e42768f7e8201bd8c2f7bc83a28c30fd1b8d3c.mp4',	14,	132,	0,	0,	1,	'2014-12-17 15:19:58',	'2014-12-17 15:22:12',	NULL,	'ccaaffbbd20658f4224e928e70bfb9a149392b76.jpg'),
(147,	'mm - video',	NULL,	NULL,	'0191167555caad1aca97c5ebec57ee0ea81e3fc2.mp4',	35,	136,	0,	0,	1,	'2014-12-17 21:56:08',	'2014-12-17 21:58:21',	NULL,	'adcfd2ae65ffec505a6db55325d1a7bc7e6e9d28.jpg'),
(148,	'mm - video',	NULL,	NULL,	NULL,	35,	137,	0,	0,	0,	'2014-12-17 22:04:04',	'2014-12-17 22:04:04',	NULL,	NULL),
(149,	'John Edwards - video',	NULL,	NULL,	NULL,	14,	139,	0,	0,	0,	'2014-12-18 11:24:14',	'2014-12-18 11:24:14',	NULL,	NULL);

CREATE TABLE `videoLike` (
  `id` int(11) NOT NULL AUTO_INCREMENT,
  `videoId` int(11) NOT NULL,
  `userId` int(11) NOT NULL,
  `created` datetime NOT NULL,
  PRIMARY KEY (`id`),
  KEY `IDX_BBA3337364B64DCC` (`userId`),
  KEY `IDX_BBA33373758A6F51` (`videoId`),
  CONSTRAINT `FK_BBA3337364B64DCC` FOREIGN KEY (`userId`) REFERENCES `user` (`id`) ON DELETE CASCADE,
  CONSTRAINT `FK_BBA33373758A6F51` FOREIGN KEY (`videoId`) REFERENCES `video` (`id`) ON DELETE CASCADE
) ENGINE=InnoDB DEFAULT CHARSET=utf8 COLLATE=utf8_unicode_ci;


-- 2014-12-19 14:13:09
